filename	url	size_bytes	size_gb	file_type	likely_content	required_for_gex	required_for_bcr	download_decision	decision_reason	local_path	sha256
GSE319733_RAW.tar	https://ftp.ncbi.nlm.nih.gov/geo/series/GSE319nnn/GSE319733/suppl/GSE319733_RAW.tar	352532480	0.3283	raw_archive	raw_archive	False	False	skip	RAW.tar is explicitly excluded from default download		
GSM9524771_GEO_Metadata_LN1.csv.gz	https://ftp.ncbi.nlm.nih.gov/geo/series/GSE319nnn/GSE319733/suppl/GSM9524771_GEO_Metadata_LN1.csv.gz	81374	0.0001	metadata	metadata	True	False	failed	download failed: HTTP Error 404: Not Found		
GSM9524771_P1_LN_barcodes.tsv.gz	https://ftp.ncbi.nlm.nih.gov/geo/series/GSE319nnn/GSE319733/suppl/GSM9524771_P1_LN_barcodes.tsv.gz	9707	0.0	barcodes	barcodes	True	False	failed	download failed: The read operation timed out		
GSM9524771_P1_LN_features.tsv.gz	https://ftp.ncbi.nlm.nih.gov/geo/series/GSE319nnn/GSE319733/suppl/GSM9524771_P1_LN_features.tsv.gz	146202	0.0001	features	features	True	False	failed	download failed: HTTP Error 404: Not Found		
GSM9524771_P1_LN_matrix.mtx.gz	https://ftp.ncbi.nlm.nih.gov/geo/series/GSE319nnn/GSE319733/suppl/GSM9524771_P1_LN_matrix.mtx.gz	9356521	0.0087	matrix	matrix	True	False	failed	download failed: HTTP Error 404: Not Found		
GSM9524772_GEO_Metadata_LN2.csv.gz	https://ftp.ncbi.nlm.nih.gov/geo/series/GSE319nnn/GSE319733/suppl/GSM9524772_GEO_Metadata_LN2.csv.gz	86320	0.0001	metadata	metadata	True	False	failed	download failed: HTTP Error 404: Not Found		
GSM9524772_P2_LN_barcodes.tsv.gz	https://ftp.ncbi.nlm.nih.gov/geo/series/GSE319nnn/GSE319733/suppl/GSM9524772_P2_LN_barcodes.tsv.gz	10033	0.0	barcodes	barcodes	True	False	failed	download failed: HTTP Error 404: Not Found		
GSM9524772_P2_LN_features.tsv.gz	https://ftp.ncbi.nlm.nih.gov/geo/series/GSE319nnn/GSE319733/suppl/GSM9524772_P2_LN_features.tsv.gz	146202	0.0001	features	features	True	False	failed	download failed: HTTP Error 404: Not Found		
GSM9524772_P2_LN_matrix.mtx.gz	https://ftp.ncbi.nlm.nih.gov/geo/series/GSE319nnn/GSE319733/suppl/GSM9524772_P2_LN_matrix.mtx.gz	10468425	0.0097	matrix	matrix	True	False	failed	download failed: HTTP Error 404: Not Found		
GSM9524773_GEO_Metadata_LN3.csv.gz	https://ftp.ncbi.nlm.nih.gov/geo/series/GSE319nnn/GSE319733/suppl/GSM9524773_GEO_Metadata_LN3.csv.gz	67009	0.0001	metadata	metadata	True	False	failed	download failed: HTTP Error 404: Not Found		
GSM9524773_P3_LN_barcodes.tsv.gz	https://ftp.ncbi.nlm.nih.gov/geo/series/GSE319nnn/GSE319733/suppl/GSM9524773_P3_LN_barcodes.tsv.gz	9000	0.0	barcodes	barcodes	True	False	failed	download failed: HTTP Error 404: Not Found		
GSM9524773_P3_LN_features.tsv.gz	https://ftp.ncbi.nlm.nih.gov/geo/series/GSE319nnn/GSE319733/suppl/GSM9524773_P3_LN_features.tsv.gz	146202	0.0001	features	features	True	False	failed	download failed: HTTP Error 404: Not Found		
GSM9524773_P3_LN_matrix.mtx.gz	https://ftp.ncbi.nlm.nih.gov/geo/series/GSE319nnn/GSE319733/suppl/GSM9524773_P3_LN_matrix.mtx.gz	7698950	0.0072	matrix	matrix	True	False	failed	download failed: HTTP Error 404: Not Found		
GSM9524774_GEO_Metadata_LN4.csv.gz	https://ftp.ncbi.nlm.nih.gov/geo/series/GSE319nnn/GSE319733/suppl/GSM9524774_GEO_Metadata_LN4.csv.gz	120336	0.0001	metadata	metadata	True	False	failed	download failed: HTTP Error 404: Not Found		
GSM9524774_P4_LN_barcodes.tsv.gz	https://ftp.ncbi.nlm.nih.gov/geo/series/GSE319nnn/GSE319733/suppl/GSM9524774_P4_LN_barcodes.tsv.gz	43706	0.0	barcodes	barcodes	True	False	failed	download failed: HTTP Error 404: Not Found		
GSM9524774_P4_LN_features.tsv.gz	https://ftp.ncbi.nlm.nih.gov/geo/series/GSE319nnn/GSE319733/suppl/GSM9524774_P4_LN_features.tsv.gz	333437	0.0003	features	features	True	False	failed	download failed: HTTP Error 404: Not Found		
GSM9524774_P4_LN_matrix.mtx.gz	https://ftp.ncbi.nlm.nih.gov/geo/series/GSE319nnn/GSE319733/suppl/GSM9524774_P4_LN_matrix.mtx.gz	42568949	0.0396	matrix	matrix	True	False	failed	download failed: HTTP Error 404: Not Found		
GSM9524775_GEO_Metadata_LN5.csv.gz	https://ftp.ncbi.nlm.nih.gov/geo/series/GSE319nnn/GSE319733/suppl/GSM9524775_GEO_Metadata_LN5.csv.gz	144742	0.0001	metadata	metadata	True	False	failed	download failed: HTTP Error 404: Not Found		
GSM9524775_P5_LN_barcodes.tsv.gz	https://ftp.ncbi.nlm.nih.gov/geo/series/GSE319nnn/GSE319733/suppl/GSM9524775_P5_LN_barcodes.tsv.gz	30141	0.0	barcodes	barcodes	True	False	failed	download failed: HTTP Error 404: Not Found		
GSM9524775_P5_LN_features.tsv.gz	https://ftp.ncbi.nlm.nih.gov/geo/series/GSE319nnn/GSE319733/suppl/GSM9524775_P5_LN_features.tsv.gz	333437	0.0003	features	features	True	False	failed	download failed: HTTP Error 404: Not Found		
GSM9524775_P5_LN_matrix.mtx.gz	https://ftp.ncbi.nlm.nih.gov/geo/series/GSE319nnn/GSE319733/suppl/GSM9524775_P5_LN_matrix.mtx.gz	35411147	0.033	matrix	matrix	True	False	failed	download failed: HTTP Error 404: Not Found		
GSM9524776_GEO_Metadata_LN6.csv.gz	https://ftp.ncbi.nlm.nih.gov/geo/series/GSE319nnn/GSE319733/suppl/GSM9524776_GEO_Metadata_LN6.csv.gz	54257	0.0001	metadata	metadata	True	False	failed	download failed: HTTP Error 404: Not Found		
GSM9524776_P6_LN_barcodes.tsv.gz	https://ftp.ncbi.nlm.nih.gov/geo/series/GSE319nnn/GSE319733/suppl/GSM9524776_P6_LN_barcodes.tsv.gz	6862	0.0	barcodes	barcodes	True	False	failed	download failed: HTTP Error 404: Not Found		
GSM9524776_P6_LN_features.tsv.gz	https://ftp.ncbi.nlm.nih.gov/geo/series/GSE319nnn/GSE319733/suppl/GSM9524776_P6_LN_features.tsv.gz	146202	0.0001	features	features	True	False	failed	download failed: HTTP Error 404: Not Found		
GSM9524776_P6_LN_matrix.mtx.gz	https://ftp.ncbi.nlm.nih.gov/geo/series/GSE319nnn/GSE319733/suppl/GSM9524776_P6_LN_matrix.mtx.gz	7034005	0.0066	matrix	matrix	True	False	failed	download failed: HTTP Error 404: Not Found		
GSM9524777_P1_LN_all_contig_annotations.csv.gz	https://ftp.ncbi.nlm.nih.gov/geo/series/GSE319nnn/GSE319733/suppl/GSM9524777_P1_LN_all_contig_annotations.csv.gz	836592	0.0008	vdj_contig	vdj_contig	False	True	failed	download failed: HTTP Error 404: Not Found		
GSM9524778_P2_LN_all_contig_annotations.csv.gz	https://ftp.ncbi.nlm.nih.gov/geo/series/GSE319nnn/GSE319733/suppl/GSM9524778_P2_LN_all_contig_annotations.csv.gz	941724	0.0009	vdj_contig	vdj_contig	False	True	failed	download failed: HTTP Error 404: Not Found		
GSM9524779_P3_LN_all_contig_annotations.csv.gz	https://ftp.ncbi.nlm.nih.gov/geo/series/GSE319nnn/GSE319733/suppl/GSM9524779_P3_LN_all_contig_annotations.csv.gz	1367043	0.0013	vdj_contig	vdj_contig	False	True	failed	download failed: HTTP Error 404: Not Found		
GSM9524780_P4_LN_all_contig_annotations.csv.gz	https://ftp.ncbi.nlm.nih.gov/geo/series/GSE319nnn/GSE319733/suppl/GSM9524780_P4_LN_all_contig_annotations.csv.gz	1451381	0.0014	vdj_contig	vdj_contig	False	True	failed	download failed: HTTP Error 404: Not Found		
GSM9524781_P5_LN_all_contig_annotations.csv.gz	https://ftp.ncbi.nlm.nih.gov/geo/series/GSE319nnn/GSE319733/suppl/GSM9524781_P5_LN_all_contig_annotations.csv.gz	2358181	0.0022	vdj_contig	vdj_contig	False	True	failed	download failed: HTTP Error 404: Not Found		
GSM9524782_P6_LN_all_contig_annotations.csv.gz	https://ftp.ncbi.nlm.nih.gov/geo/series/GSE319nnn/GSE319733/suppl/GSM9524782_P6_LN_all_contig_annotations.csv.gz	539650	0.0005	vdj_contig	vdj_contig	False	True	failed	download failed: HTTP Error 404: Not Found		
GSM9524783_GEO_Metadata_PT1.csv.gz	https://ftp.ncbi.nlm.nih.gov/geo/series/GSE319nnn/GSE319733/suppl/GSM9524783_GEO_Metadata_PT1.csv.gz	134738	0.0001	metadata	metadata	True	False	failed	download failed: HTTP Error 404: Not Found		
GSM9524783_P1_PT_barcodes.tsv.gz	https://ftp.ncbi.nlm.nih.gov/geo/series/GSE319nnn/GSE319733/suppl/GSM9524783_P1_PT_barcodes.tsv.gz	1742587	0.0016	barcodes	barcodes	True	False	failed	download failed: HTTP Error 404: Not Found		
GSM9524783_P1_PT_features.tsv.gz	https://ftp.ncbi.nlm.nih.gov/geo/series/GSE319nnn/GSE319733/suppl/GSM9524783_P1_PT_features.tsv.gz	294478	0.0003	features	features	True	False	failed	download failed: HTTP Error 404: Not Found		
GSM9524783_P1_PT_matrix.mtx.gz	https://ftp.ncbi.nlm.nih.gov/geo/series/GSE319nnn/GSE319733/suppl/GSM9524783_P1_PT_matrix.mtx.gz	82348634	0.0767	matrix	matrix	True	False	failed	download failed: HTTP Error 404: Not Found		
GSM9524784_GEO_Metadata_PT2.csv.gz	https://ftp.ncbi.nlm.nih.gov/geo/series/GSE319nnn/GSE319733/suppl/GSM9524784_GEO_Metadata_PT2.csv.gz	58810	0.0001	metadata	metadata	True	False	failed	download failed: HTTP Error 404: Not Found		
GSM9524784_P2_PT_barcodes.tsv.gz	https://ftp.ncbi.nlm.nih.gov/geo/series/GSE319nnn/GSE319733/suppl/GSM9524784_P2_PT_barcodes.tsv.gz	1250835	0.0012	barcodes	barcodes	True	False	failed	download failed: HTTP Error 404: Not Found		
GSM9524784_P2_PT_features.tsv.gz	https://ftp.ncbi.nlm.nih.gov/geo/series/GSE319nnn/GSE319733/suppl/GSM9524784_P2_PT_features.tsv.gz	294478	0.0003	features	features	True	False	failed	download failed: HTTP Error 404: Not Found		
GSM9524784_P2_PT_matrix.mtx.gz	https://ftp.ncbi.nlm.nih.gov/geo/series/GSE319nnn/GSE319733/suppl/GSM9524784_P2_PT_matrix.mtx.gz	29783364	0.0277	matrix	matrix	True	False	failed	download failed: HTTP Error 404: Not Found		
GSM9524785_GEO_Metadata_PT3.csv.gz	https://ftp.ncbi.nlm.nih.gov/geo/series/GSE319nnn/GSE319733/suppl/GSM9524785_GEO_Metadata_PT3.csv.gz	156659	0.0001	metadata	metadata	True	False	failed	download failed: HTTP Error 404: Not Found		
GSM9524785_P3_PT_barcodes.tsv.gz	https://ftp.ncbi.nlm.nih.gov/geo/series/GSE319nnn/GSE319733/suppl/GSM9524785_P3_PT_barcodes.tsv.gz	1332982	0.0012	barcodes	barcodes	True	False	failed	download failed: HTTP Error 404: Not Found		
GSM9524785_P3_PT_features.tsv.gz	https://ftp.ncbi.nlm.nih.gov/geo/series/GSE319nnn/GSE319733/suppl/GSM9524785_P3_PT_features.tsv.gz	294478	0.0003	features	features	True	False	failed	download failed: HTTP Error 404: Not Found		
GSM9524785_P3_PT_matrix.mtx.gz	https://ftp.ncbi.nlm.nih.gov/geo/series/GSE319nnn/GSE319733/suppl/GSM9524785_P3_PT_matrix.mtx.gz	58031486	0.054	matrix	matrix	True	False	failed	download failed: HTTP Error 404: Not Found		
GSM9524786_GEO_Metadata_PT4.csv.gz	https://ftp.ncbi.nlm.nih.gov/geo/series/GSE319nnn/GSE319733/suppl/GSM9524786_GEO_Metadata_PT4.csv.gz	84586	0.0001	metadata	metadata	True	False	failed	download failed: HTTP Error 404: Not Found		
GSM9524786_P4_PT_barcodes.tsv.gz	https://ftp.ncbi.nlm.nih.gov/geo/series/GSE319nnn/GSE319733/suppl/GSM9524786_P4_PT_barcodes.tsv.gz	43706	0.0	barcodes	barcodes	True	False	failed	download failed: HTTP Error 404: Not Found		
GSM9524786_P4_PT_features.tsv.gz	https://ftp.ncbi.nlm.nih.gov/geo/series/GSE319nnn/GSE319733/suppl/GSM9524786_P4_PT_features.tsv.gz	333437	0.0003	features	features	True	False	failed	download failed: HTTP Error 404: Not Found		
GSM9524786_P4_PT_matrix.mtx.gz	https://ftp.ncbi.nlm.nih.gov/geo/series/GSE319nnn/GSE319733/suppl/GSM9524786_P4_PT_matrix.mtx.gz	42568949	0.0396	matrix	matrix	True	False	failed	download failed: HTTP Error 404: Not Found		
GSM9524787_P1_PT_all_contig_annotations.csv.gz	https://ftp.ncbi.nlm.nih.gov/geo/series/GSE319nnn/GSE319733/suppl/GSM9524787_P1_PT_all_contig_annotations.csv.gz	3879952	0.0036	vdj_contig	vdj_contig	False	True	failed	download failed: HTTP Error 404: Not Found		
GSM9524788_P2_PT_all_contig_annotations.csv.gz	https://ftp.ncbi.nlm.nih.gov/geo/series/GSE319nnn/GSE319733/suppl/GSM9524788_P2_PT_all_contig_annotations.csv.gz	3202876	0.003	vdj_contig	vdj_contig	False	True	failed	download failed: HTTP Error 404: Not Found		
GSM9524789_P3_PT_all_contig_annotations.csv.gz	https://ftp.ncbi.nlm.nih.gov/geo/series/GSE319nnn/GSE319733/suppl/GSM9524789_P3_PT_all_contig_annotations.csv.gz	3251439	0.003	vdj_contig	vdj_contig	False	True	failed	download failed: HTTP Error 404: Not Found		
GSM9524790_P4_PT_all_contig_annotations.csv.gz	https://ftp.ncbi.nlm.nih.gov/geo/series/GSE319nnn/GSE319733/suppl/GSM9524790_P4_PT_all_contig_annotations.csv.gz	1451381	0.0014	vdj_contig	vdj_contig	False	True	failed	download failed: HTTP Error 404: Not Found		
