gene	patient_id	biological_sample_id	tissue	cell_type	mean_expression	detection_rate	cell_count
SPP1	P1	P1_LN	LN	B_cell			0
SPP1	P1	P1_LN	LN	plasma_cell			0
SPP1	P1	P1_LN	LN	endothelial			0
CD44	P1	P1_LN	LN	B_cell	0.836248336906333	0.54115327747659	2029
CD44	P1	P1_LN	LN	plasma_cell	0	0	2
CD44	P1	P1_LN	LN	endothelial	2.17478717681931	1	1
ITGB1	P1	P1_LN	LN	B_cell	0.334036957087083	0.213405618531296	2029
ITGB1	P1	P1_LN	LN	plasma_cell	0	0	2
ITGB1	P1	P1_LN	LN	endothelial	0	0	1
MMP14	P1	P1_LN	LN	B_cell	0	0	2029
MMP14	P1	P1_LN	LN	plasma_cell	0	0	2
MMP14	P1	P1_LN	LN	endothelial	0	0	1
CD209	P1	P1_LN	LN	B_cell			0
CD209	P1	P1_LN	LN	plasma_cell			0
CD209	P1	P1_LN	LN	endothelial			0
C1QA	P1	P1_LN	LN	B_cell	0	0	2029
C1QA	P1	P1_LN	LN	plasma_cell	0	0	2
C1QA	P1	P1_LN	LN	endothelial	0	0	1
C1QB	P1	P1_LN	LN	B_cell	0.000653363262283133	0.000492853622474125	2029
C1QB	P1	P1_LN	LN	plasma_cell	0	0	2
C1QB	P1	P1_LN	LN	endothelial	0	0	1
C1QC	P1	P1_LN	LN	B_cell	0.000527595219269454	0.000492853622474125	2029
C1QC	P1	P1_LN	LN	plasma_cell	0	0	2
C1QC	P1	P1_LN	LN	endothelial	0	0	1
SPP1	P1	P1_PT	PT	B_cell	0.0506744216597837	0.0249944702499447	4521
SPP1	P1	P1_PT	PT	plasma_cell	0.0999094804212055	0.0314498933901919	1876
SPP1	P1	P1_PT	PT	myeloid	2.35401756049646	0.618055555555556	144
SPP1	P1	P1_PT	PT	other	0	0	35
SPP1	P1	P1_PT	PT	endothelial	0.122218937650297	0.0294117647058824	34
SPP1	P1	P1_PT	PT	T_NK	0	0	22
SPP1	P1	P1_PT	PT	epithelial	0.355238463282322	0.0909090909090909	11
CD44	P1	P1_PT	PT	B_cell	0.563644582340289	0.335987613359876	4521
CD44	P1	P1_PT	PT	plasma_cell	0.246016688641268	0.118869936034115	1876
CD44	P1	P1_PT	PT	myeloid	0.44146849461374	0.229166666666667	144
CD44	P1	P1_PT	PT	other	0	0	35
CD44	P1	P1_PT	PT	endothelial	0.210995848666283	0.0588235294117647	34
CD44	P1	P1_PT	PT	T_NK	1.03594147508258	0.545454545454545	22
CD44	P1	P1_PT	PT	epithelial	0	0	11
ITGB1	P1	P1_PT	PT	B_cell	0.551979667844945	0.313647423136474	4521
ITGB1	P1	P1_PT	PT	plasma_cell	0.172583779372092	0.0911513859275053	1876
ITGB1	P1	P1_PT	PT	myeloid	0.515012459488159	0.298611111111111	144
ITGB1	P1	P1_PT	PT	other	0.240468903898221	0.0571428571428571	35
ITGB1	P1	P1_PT	PT	endothelial	0	0	34
ITGB1	P1	P1_PT	PT	T_NK	0.595332054909072	0.363636363636364	22
ITGB1	P1	P1_PT	PT	epithelial	0.402416109690196	0.0909090909090909	11
MMP14	P1	P1_PT	PT	B_cell	0.00362885860134625	0.0019907100199071	4521
MMP14	P1	P1_PT	PT	plasma_cell	0.00348631565545124	0.00159914712153518	1876
MMP14	P1	P1_PT	PT	myeloid	0.205492244456638	0.131944444444444	144
MMP14	P1	P1_PT	PT	other	0	0	35
MMP14	P1	P1_PT	PT	endothelial	0	0	34
MMP14	P1	P1_PT	PT	T_NK	0	0	22
MMP14	P1	P1_PT	PT	epithelial	0.266836576747616	0.0909090909090909	11
CD209	P1	P1_PT	PT	B_cell	0.000299529929594731	0.0002211900022119	4521
CD209	P1	P1_PT	PT	plasma_cell	0	0	1876
CD209	P1	P1_PT	PT	myeloid	0.0458527073757163	0.0277777777777778	144
CD209	P1	P1_PT	PT	other	0	0	35
CD209	P1	P1_PT	PT	endothelial	0	0	34
CD209	P1	P1_PT	PT	T_NK	0	0	22
CD209	P1	P1_PT	PT	epithelial	0	0	11
C1QA	P1	P1_PT	PT	B_cell	0.0368316721164302	0.0148197301481973	4521
C1QA	P1	P1_PT	PT	plasma_cell	0.0356753835817304	0.0111940298507463	1876
C1QA	P1	P1_PT	PT	myeloid	2.73223179169855	0.826388888888889	144
C1QA	P1	P1_PT	PT	other	0	0	35
C1QA	P1	P1_PT	PT	endothelial	0.0810415690474367	0.0294117647058824	34
C1QA	P1	P1_PT	PT	T_NK	0.0978926323465305	0.0454545454545455	22
C1QA	P1	P1_PT	PT	epithelial	0	0	11
C1QB	P1	P1_PT	PT	B_cell	0.0355528187385903	0.0139349701393497	4521
C1QB	P1	P1_PT	PT	plasma_cell	0.0447066062547003	0.0133262260127932	1876
C1QB	P1	P1_PT	PT	myeloid	2.46899747108829	0.75	144
C1QB	P1	P1_PT	PT	other	0	0	35
C1QB	P1	P1_PT	PT	endothelial	0	0	34
C1QB	P1	P1_PT	PT	T_NK	0	0	22
C1QB	P1	P1_PT	PT	epithelial	0	0	11
C1QC	P1	P1_PT	PT	B_cell	0.0492113216546999	0.0194647201946472	4521
C1QC	P1	P1_PT	PT	plasma_cell	0.0763385505095076	0.0213219616204691	1876
C1QC	P1	P1_PT	PT	myeloid	2.97386712704645	0.854166666666667	144
C1QC	P1	P1_PT	PT	other	0	0	35
C1QC	P1	P1_PT	PT	endothelial	0.31892168867251	0.117647058823529	34
C1QC	P1	P1_PT	PT	T_NK	0.0464645672957246	0.0454545454545455	22
C1QC	P1	P1_PT	PT	epithelial	0	0	11
SPP1	P2	P2_LN	LN	B_cell			0
CD44	P2	P2_LN	LN	B_cell	0.950769767545586	0.618551822053952	2113
ITGB1	P2	P2_LN	LN	B_cell	0.428001005700492	0.292948414576432	2113
MMP14	P2	P2_LN	LN	B_cell	0	0	2113
CD209	P2	P2_LN	LN	B_cell			0
C1QA	P2	P2_LN	LN	B_cell	0	0	2113
C1QB	P2	P2_LN	LN	B_cell	0	0	2113
C1QC	P2	P2_LN	LN	B_cell	0	0	2113
SPP1	P2	P2_PT	PT	B_cell	0.0150278141761011	0.00555555555555556	720
SPP1	P2	P2_PT	PT	T_NK	0	0	19
SPP1	P2	P2_PT	PT	plasma_cell	0.0505295015642496	0.0156739811912226	319
SPP1	P2	P2_PT	PT	other	0	0	32
SPP1	P2	P2_PT	PT	myeloid	1.42465870225393	0.354430379746835	79
SPP1	P2	P2_PT	PT	endothelial	0	0	12
SPP1	P2	P2_PT	PT	epithelial	0	0	4
CD44	P2	P2_PT	PT	B_cell	1.01758928624077	0.433333333333333	720
CD44	P2	P2_PT	PT	T_NK	0.815034611909931	0.421052631578947	19
CD44	P2	P2_PT	PT	plasma_cell	0.496654111240864	0.19435736677116	319
CD44	P2	P2_PT	PT	other	0.367427339196941	0.125	32
CD44	P2	P2_PT	PT	myeloid	0.45527240424073	0.20253164556962	79
CD44	P2	P2_PT	PT	endothelial	0.927503282896975	0.416666666666667	12
CD44	P2	P2_PT	PT	epithelial	0.684416280410285	0.25	4
ITGB1	P2	P2_PT	PT	B_cell	0.851398106082912	0.363888888888889	720
ITGB1	P2	P2_PT	PT	T_NK	0.461874276662719	0.263157894736842	19
ITGB1	P2	P2_PT	PT	plasma_cell	0.286054331026747	0.137931034482759	319
ITGB1	P2	P2_PT	PT	other	0.307199665085447	0.09375	32
ITGB1	P2	P2_PT	PT	myeloid	0.2428649481597	0.10126582278481	79
ITGB1	P2	P2_PT	PT	endothelial	0.289598112121869	0.166666666666667	12
ITGB1	P2	P2_PT	PT	epithelial	0	0	4
MMP14	P2	P2_PT	PT	B_cell	0.00275965483999677	0.00138888888888889	720
MMP14	P2	P2_PT	PT	T_NK	0	0	19
MMP14	P2	P2_PT	PT	plasma_cell	0.0170739788247767	0.00626959247648903	319
MMP14	P2	P2_PT	PT	other	0	0	32
MMP14	P2	P2_PT	PT	myeloid	0.197630794928334	0.0886075949367089	79
MMP14	P2	P2_PT	PT	endothelial	0	0	12
MMP14	P2	P2_PT	PT	epithelial	0	0	4
CD209	P2	P2_PT	PT	B_cell	0	0	720
CD209	P2	P2_PT	PT	T_NK	0	0	19
CD209	P2	P2_PT	PT	plasma_cell	0	0	319
CD209	P2	P2_PT	PT	other	0	0	32
CD209	P2	P2_PT	PT	myeloid	0.0219708855265518	0.0126582278481013	79
CD209	P2	P2_PT	PT	endothelial	0	0	12
CD209	P2	P2_PT	PT	epithelial	0	0	4
C1QA	P2	P2_PT	PT	B_cell	0.0184895053025572	0.00694444444444444	720
C1QA	P2	P2_PT	PT	T_NK	0	0	19
C1QA	P2	P2_PT	PT	plasma_cell	0.00837402386817801	0.00313479623824451	319
C1QA	P2	P2_PT	PT	other	0	0	32
C1QA	P2	P2_PT	PT	myeloid	3.03782604684076	0.746835443037975	79
C1QA	P2	P2_PT	PT	endothelial	0	0	12
C1QA	P2	P2_PT	PT	epithelial	0	0	4
C1QB	P2	P2_PT	PT	B_cell	0.0192814457037784	0.00694444444444444	720
C1QB	P2	P2_PT	PT	T_NK	0	0	19
C1QB	P2	P2_PT	PT	plasma_cell	0.0136070598386683	0.00313479623824451	319
C1QB	P2	P2_PT	PT	other	0	0	32
C1QB	P2	P2_PT	PT	myeloid	2.7682790590595	0.734177215189873	79
C1QB	P2	P2_PT	PT	endothelial	0	0	12
C1QB	P2	P2_PT	PT	epithelial	0	0	4
C1QC	P2	P2_PT	PT	B_cell	0.00231896773948216	0.00138888888888889	720
C1QC	P2	P2_PT	PT	T_NK	0	0	19
C1QC	P2	P2_PT	PT	plasma_cell	0.0368783416376127	0.00940438871473354	319
C1QC	P2	P2_PT	PT	other	0	0	32
C1QC	P2	P2_PT	PT	myeloid	3.40725323978625	0.848101265822785	79
C1QC	P2	P2_PT	PT	endothelial	0	0	12
C1QC	P2	P2_PT	PT	epithelial	0	0	4
SPP1	P3	P3_LN	LN	B_cell			0
SPP1	P3	P3_LN	LN	endothelial			0
SPP1	P3	P3_LN	LN	plasma_cell			0
CD44	P3	P3_LN	LN	B_cell	1.01832359583962	0.578223495702006	1745
CD44	P3	P3_LN	LN	endothelial	0	0	1
CD44	P3	P3_LN	LN	plasma_cell	0.215809884460883	0.2	10
ITGB1	P3	P3_LN	LN	B_cell	0.260456138049553	0.168481375358166	1745
ITGB1	P3	P3_LN	LN	endothelial	0	0	1
ITGB1	P3	P3_LN	LN	plasma_cell	0.0887555372131455	0.1	10
MMP14	P3	P3_LN	LN	B_cell	0	0	1745
MMP14	P3	P3_LN	LN	endothelial	0	0	1
MMP14	P3	P3_LN	LN	plasma_cell	0	0	10
CD209	P3	P3_LN	LN	B_cell			0
CD209	P3	P3_LN	LN	endothelial			0
CD209	P3	P3_LN	LN	plasma_cell			0
C1QA	P3	P3_LN	LN	B_cell	0	0	1745
C1QA	P3	P3_LN	LN	endothelial	0	0	1
C1QA	P3	P3_LN	LN	plasma_cell	0	0	10
C1QB	P3	P3_LN	LN	B_cell	0	0	1745
C1QB	P3	P3_LN	LN	endothelial	0	0	1
C1QB	P3	P3_LN	LN	plasma_cell	0	0	10
C1QC	P3	P3_LN	LN	B_cell	0	0	1745
C1QC	P3	P3_LN	LN	endothelial	0	0	1
C1QC	P3	P3_LN	LN	plasma_cell	0	0	10
SPP1	P3	P3_PT	PT	plasma_cell	0.00682857356987462	0.00510204081632653	196
SPP1	P3	P3_PT	PT	B_cell	0.00163545693620714	0.00105086170659941	4758
SPP1	P3	P3_PT	PT	T_NK	0	0	135
SPP1	P3	P3_PT	PT	endothelial	0	0	14
SPP1	P3	P3_PT	PT	myeloid	0.422077894499293	0.0869565217391304	23
SPP1	P3	P3_PT	PT	other	0	0	22
SPP1	P3	P3_PT	PT	epithelial	0	0	5
CD44	P3	P3_PT	PT	plasma_cell	0.35394018047206	0.158163265306122	196
CD44	P3	P3_PT	PT	B_cell	0.873265276775327	0.489281210592686	4758
CD44	P3	P3_PT	PT	T_NK	0.914410967129886	0.511111111111111	135
CD44	P3	P3_PT	PT	endothelial	0.570730408931733	0.285714285714286	14
CD44	P3	P3_PT	PT	myeloid	0.23367771973535	0.0869565217391304	23
CD44	P3	P3_PT	PT	other	0.744263352481267	0.227272727272727	22
CD44	P3	P3_PT	PT	epithelial	0	0	5
ITGB1	P3	P3_PT	PT	plasma_cell	0.305350237698955	0.158163265306122	196
ITGB1	P3	P3_PT	PT	B_cell	0.5733036155371	0.32072299285414	4758
ITGB1	P3	P3_PT	PT	T_NK	0.702388632583641	0.407407407407407	135
ITGB1	P3	P3_PT	PT	endothelial	0.0920510610048906	0.0714285714285714	14
ITGB1	P3	P3_PT	PT	myeloid	0	0	23
ITGB1	P3	P3_PT	PT	other	0.416851469703089	0.136363636363636	22
ITGB1	P3	P3_PT	PT	epithelial	0	0	5
MMP14	P3	P3_PT	PT	plasma_cell	0.0231113954741067	0.00510204081632653	196
MMP14	P3	P3_PT	PT	B_cell	0.00247327700537133	0.00126103404791929	4758
MMP14	P3	P3_PT	PT	T_NK	0	0	135
MMP14	P3	P3_PT	PT	endothelial	0	0	14
MMP14	P3	P3_PT	PT	myeloid	0.108440143690997	0.0434782608695652	23
MMP14	P3	P3_PT	PT	other	0	0	22
MMP14	P3	P3_PT	PT	epithelial	0	0	5
CD209	P3	P3_PT	PT	plasma_cell	0	0	196
CD209	P3	P3_PT	PT	B_cell	0	0	4758
CD209	P3	P3_PT	PT	T_NK	0	0	135
CD209	P3	P3_PT	PT	endothelial	0	0	14
CD209	P3	P3_PT	PT	myeloid	0	0	23
CD209	P3	P3_PT	PT	other	0	0	22
CD209	P3	P3_PT	PT	epithelial	0	0	5
C1QA	P3	P3_PT	PT	plasma_cell	0.00931354932117064	0.00510204081632653	196
C1QA	P3	P3_PT	PT	B_cell	0.00723779865204179	0.00378310214375788	4758
C1QA	P3	P3_PT	PT	T_NK	0.0333940549988636	0.0148148148148148	135
C1QA	P3	P3_PT	PT	endothelial	0	0	14
C1QA	P3	P3_PT	PT	myeloid	3.13890686566949	0.782608695652174	23
C1QA	P3	P3_PT	PT	other	0	0	22
C1QA	P3	P3_PT	PT	epithelial	0	0	5
C1QB	P3	P3_PT	PT	plasma_cell	0.00596038458763787	0.00510204081632653	196
C1QB	P3	P3_PT	PT	B_cell	0.00943691937733816	0.00504413619167718	4758
C1QB	P3	P3_PT	PT	T_NK	0.0312467102574731	0.0222222222222222	135
C1QB	P3	P3_PT	PT	endothelial	0	0	14
C1QB	P3	P3_PT	PT	myeloid	3.35908415686375	0.869565217391304	23
C1QB	P3	P3_PT	PT	other	0	0	22
C1QB	P3	P3_PT	PT	epithelial	0	0	5
C1QC	P3	P3_PT	PT	plasma_cell	0	0	196
C1QC	P3	P3_PT	PT	B_cell	0.00700700407314589	0.00315258511979823	4758
C1QC	P3	P3_PT	PT	T_NK	0.0587140575113393	0.037037037037037	135
C1QC	P3	P3_PT	PT	endothelial	0	0	14
C1QC	P3	P3_PT	PT	myeloid	2.29404521609292	0.521739130434783	23
C1QC	P3	P3_PT	PT	other	0	0	22
C1QC	P3	P3_PT	PT	epithelial	0	0	5
SPP1	P4	P4_LN	LN	B_cell	0	0	4687
SPP1	P4	P4_LN	LN	T_NK	0	0	3775
SPP1	P4	P4_LN	LN	other	0	0	128
SPP1	P4	P4_LN	LN	endothelial	0	0	56
SPP1	P4	P4_LN	LN	plasma_cell	0	0	59
SPP1	P4	P4_LN	LN	epithelial	0	0	7
SPP1	P4	P4_LN	LN	fibroblast_CAF	0	0	1
CD44	P4	P4_LN	LN	B_cell	0.881701518040993	0.510987838702795	4687
CD44	P4	P4_LN	LN	T_NK	1.0957937379856	0.579072847682119	3775
CD44	P4	P4_LN	LN	other	1.21075881084808	0.4453125	128
CD44	P4	P4_LN	LN	endothelial	1.11586529697038	0.517857142857143	56
CD44	P4	P4_LN	LN	plasma_cell	0.821490277413337	0.406779661016949	59
CD44	P4	P4_LN	LN	epithelial	0.292232437698057	0.142857142857143	7
CD44	P4	P4_LN	LN	fibroblast_CAF	2.86697506219861	1	1
ITGB1	P4	P4_LN	LN	B_cell	0.242097163646181	0.159803712395989	4687
ITGB1	P4	P4_LN	LN	T_NK	0.25552113850016	0.150728476821192	3775
ITGB1	P4	P4_LN	LN	other	0.0816698859720455	0.0390625	128
ITGB1	P4	P4_LN	LN	endothelial	0.125490751954852	0.0714285714285714	56
ITGB1	P4	P4_LN	LN	plasma_cell	0.137909261791841	0.101694915254237	59
ITGB1	P4	P4_LN	LN	epithelial	0.214369570262358	0.142857142857143	7
ITGB1	P4	P4_LN	LN	fibroblast_CAF	0	0	1
MMP14	P4	P4_LN	LN	B_cell	0.00098474298642532	0.000853424365265629	4687
MMP14	P4	P4_LN	LN	T_NK	0	0	3775
MMP14	P4	P4_LN	LN	other	0	0	128
MMP14	P4	P4_LN	LN	endothelial	0	0	56
MMP14	P4	P4_LN	LN	plasma_cell	0	0	59
MMP14	P4	P4_LN	LN	epithelial	0	0	7
MMP14	P4	P4_LN	LN	fibroblast_CAF	0	0	1
CD209	P4	P4_LN	LN	B_cell	0	0	4687
CD209	P4	P4_LN	LN	T_NK	0	0	3775
CD209	P4	P4_LN	LN	other	0	0	128
CD209	P4	P4_LN	LN	endothelial	0	0	56
CD209	P4	P4_LN	LN	plasma_cell	0	0	59
CD209	P4	P4_LN	LN	epithelial	0	0	7
CD209	P4	P4_LN	LN	fibroblast_CAF	0	0	1
C1QA	P4	P4_LN	LN	B_cell	0.00035189273676741	0.000213356091316407	4687
C1QA	P4	P4_LN	LN	T_NK	0	0	3775
C1QA	P4	P4_LN	LN	other	0	0	128
C1QA	P4	P4_LN	LN	endothelial	0	0	56
C1QA	P4	P4_LN	LN	plasma_cell	0	0	59
C1QA	P4	P4_LN	LN	epithelial	0	0	7
C1QA	P4	P4_LN	LN	fibroblast_CAF	0	0	1
C1QB	P4	P4_LN	LN	B_cell	0.0012713748125507	0.000853424365265629	4687
C1QB	P4	P4_LN	LN	T_NK	0	0	3775
C1QB	P4	P4_LN	LN	other	0	0	128
C1QB	P4	P4_LN	LN	endothelial	0	0	56
C1QB	P4	P4_LN	LN	plasma_cell	0	0	59
C1QB	P4	P4_LN	LN	epithelial	0	0	7
C1QB	P4	P4_LN	LN	fibroblast_CAF	0	0	1
C1QC	P4	P4_LN	LN	B_cell	0	0	4687
C1QC	P4	P4_LN	LN	T_NK	0	0	3775
C1QC	P4	P4_LN	LN	other	0	0	128
C1QC	P4	P4_LN	LN	endothelial	0	0	56
C1QC	P4	P4_LN	LN	plasma_cell	0	0	59
C1QC	P4	P4_LN	LN	epithelial	0	0	7
C1QC	P4	P4_LN	LN	fibroblast_CAF	0	0	1
SPP1	P4	P4_PT	PT	B_cell	0	0	4687
SPP1	P4	P4_PT	PT	T_NK	0	0	3775
SPP1	P4	P4_PT	PT	other	0	0	128
SPP1	P4	P4_PT	PT	endothelial	0	0	56
SPP1	P4	P4_PT	PT	plasma_cell	0	0	59
SPP1	P4	P4_PT	PT	epithelial	0	0	7
SPP1	P4	P4_PT	PT	fibroblast_CAF	0	0	1
CD44	P4	P4_PT	PT	B_cell	0.881701518040993	0.510987838702795	4687
CD44	P4	P4_PT	PT	T_NK	1.0957937379856	0.579072847682119	3775
CD44	P4	P4_PT	PT	other	1.21075881084808	0.4453125	128
CD44	P4	P4_PT	PT	endothelial	1.11586529697038	0.517857142857143	56
CD44	P4	P4_PT	PT	plasma_cell	0.821490277413337	0.406779661016949	59
CD44	P4	P4_PT	PT	epithelial	0.292232437698057	0.142857142857143	7
CD44	P4	P4_PT	PT	fibroblast_CAF	2.86697506219861	1	1
ITGB1	P4	P4_PT	PT	B_cell	0.242097163646181	0.159803712395989	4687
ITGB1	P4	P4_PT	PT	T_NK	0.25552113850016	0.150728476821192	3775
ITGB1	P4	P4_PT	PT	other	0.0816698859720455	0.0390625	128
ITGB1	P4	P4_PT	PT	endothelial	0.125490751954852	0.0714285714285714	56
ITGB1	P4	P4_PT	PT	plasma_cell	0.137909261791841	0.101694915254237	59
ITGB1	P4	P4_PT	PT	epithelial	0.214369570262358	0.142857142857143	7
ITGB1	P4	P4_PT	PT	fibroblast_CAF	0	0	1
MMP14	P4	P4_PT	PT	B_cell	0.00098474298642532	0.000853424365265629	4687
MMP14	P4	P4_PT	PT	T_NK	0	0	3775
MMP14	P4	P4_PT	PT	other	0	0	128
MMP14	P4	P4_PT	PT	endothelial	0	0	56
MMP14	P4	P4_PT	PT	plasma_cell	0	0	59
MMP14	P4	P4_PT	PT	epithelial	0	0	7
MMP14	P4	P4_PT	PT	fibroblast_CAF	0	0	1
CD209	P4	P4_PT	PT	B_cell	0	0	4687
CD209	P4	P4_PT	PT	T_NK	0	0	3775
CD209	P4	P4_PT	PT	other	0	0	128
CD209	P4	P4_PT	PT	endothelial	0	0	56
CD209	P4	P4_PT	PT	plasma_cell	0	0	59
CD209	P4	P4_PT	PT	epithelial	0	0	7
CD209	P4	P4_PT	PT	fibroblast_CAF	0	0	1
C1QA	P4	P4_PT	PT	B_cell	0.00035189273676741	0.000213356091316407	4687
C1QA	P4	P4_PT	PT	T_NK	0	0	3775
C1QA	P4	P4_PT	PT	other	0	0	128
C1QA	P4	P4_PT	PT	endothelial	0	0	56
C1QA	P4	P4_PT	PT	plasma_cell	0	0	59
C1QA	P4	P4_PT	PT	epithelial	0	0	7
C1QA	P4	P4_PT	PT	fibroblast_CAF	0	0	1
C1QB	P4	P4_PT	PT	B_cell	0.0012713748125507	0.000853424365265629	4687
C1QB	P4	P4_PT	PT	T_NK	0	0	3775
C1QB	P4	P4_PT	PT	other	0	0	128
C1QB	P4	P4_PT	PT	endothelial	0	0	56
C1QB	P4	P4_PT	PT	plasma_cell	0	0	59
C1QB	P4	P4_PT	PT	epithelial	0	0	7
C1QB	P4	P4_PT	PT	fibroblast_CAF	0	0	1
C1QC	P4	P4_PT	PT	B_cell	0	0	4687
C1QC	P4	P4_PT	PT	T_NK	0	0	3775
C1QC	P4	P4_PT	PT	other	0	0	128
C1QC	P4	P4_PT	PT	endothelial	0	0	56
C1QC	P4	P4_PT	PT	plasma_cell	0	0	59
C1QC	P4	P4_PT	PT	epithelial	0	0	7
C1QC	P4	P4_PT	PT	fibroblast_CAF	0	0	1
SPP1	P5	P5_LN	LN	T_NK	0	0	3392
SPP1	P5	P5_LN	LN	B_cell	0.0011281553840056	0.000943396226415094	2120
SPP1	P5	P5_LN	LN	other	0	0	155
SPP1	P5	P5_LN	LN	endothelial	0	0	65
SPP1	P5	P5_LN	LN	plasma_cell	0	0	35
SPP1	P5	P5_LN	LN	myeloid	0	0	4
SPP1	P5	P5_LN	LN	fibroblast_CAF	0	0	2
CD44	P5	P5_LN	LN	T_NK	1.1448612949844	0.664799528301887	3392
CD44	P5	P5_LN	LN	B_cell	0.952704977806554	0.561792452830189	2120
CD44	P5	P5_LN	LN	other	1.25114405030789	0.47741935483871	155
CD44	P5	P5_LN	LN	endothelial	1.31708442825878	0.553846153846154	65
CD44	P5	P5_LN	LN	plasma_cell	0.754570629037125	0.457142857142857	35
CD44	P5	P5_LN	LN	myeloid	1.3658245588522	0.75	4
CD44	P5	P5_LN	LN	fibroblast_CAF	1.0314103302219	0.5	2
ITGB1	P5	P5_LN	LN	T_NK	0.39054222575855	0.24498820754717	3392
ITGB1	P5	P5_LN	LN	B_cell	0.403977846912513	0.264150943396226	2120
ITGB1	P5	P5_LN	LN	other	0.158929559451551	0.0645161290322581	155
ITGB1	P5	P5_LN	LN	endothelial	0.141307653706475	0.0769230769230769	65
ITGB1	P5	P5_LN	LN	plasma_cell	0.413794836357773	0.314285714285714	35
ITGB1	P5	P5_LN	LN	myeloid	1.46317576277972	0.75	4
ITGB1	P5	P5_LN	LN	fibroblast_CAF	2.46961488411302	1	2
MMP14	P5	P5_LN	LN	T_NK	0	0	3392
MMP14	P5	P5_LN	LN	B_cell	0.00030951156836651	0.000471698113207547	2120
MMP14	P5	P5_LN	LN	other	0	0	155
MMP14	P5	P5_LN	LN	endothelial	0	0	65
MMP14	P5	P5_LN	LN	plasma_cell	0	0	35
MMP14	P5	P5_LN	LN	myeloid	0	0	4
MMP14	P5	P5_LN	LN	fibroblast_CAF	0	0	2
CD209	P5	P5_LN	LN	T_NK	0	0	3392
CD209	P5	P5_LN	LN	B_cell	0	0	2120
CD209	P5	P5_LN	LN	other	0	0	155
CD209	P5	P5_LN	LN	endothelial	0	0	65
CD209	P5	P5_LN	LN	plasma_cell	0	0	35
CD209	P5	P5_LN	LN	myeloid	0	0	4
CD209	P5	P5_LN	LN	fibroblast_CAF	0	0	2
C1QA	P5	P5_LN	LN	T_NK	0	0	3392
C1QA	P5	P5_LN	LN	B_cell	0.00207660167511977	0.000943396226415094	2120
C1QA	P5	P5_LN	LN	other	0	0	155
C1QA	P5	P5_LN	LN	endothelial	0	0	65
C1QA	P5	P5_LN	LN	plasma_cell	0	0	35
C1QA	P5	P5_LN	LN	myeloid	1.66294986178442	0.5	4
C1QA	P5	P5_LN	LN	fibroblast_CAF	0	0	2
C1QB	P5	P5_LN	LN	T_NK	0	0	3392
C1QB	P5	P5_LN	LN	B_cell	0.000346978107802903	0.000471698113207547	2120
C1QB	P5	P5_LN	LN	other	0	0	155
C1QB	P5	P5_LN	LN	endothelial	0	0	65
C1QB	P5	P5_LN	LN	plasma_cell	0	0	35
C1QB	P5	P5_LN	LN	myeloid	1.59946477061501	0.5	4
C1QB	P5	P5_LN	LN	fibroblast_CAF	0	0	2
C1QC	P5	P5_LN	LN	T_NK	0	0	3392
C1QC	P5	P5_LN	LN	B_cell	0.000544724692616083	0.000471698113207547	2120
C1QC	P5	P5_LN	LN	other	0	0	155
C1QC	P5	P5_LN	LN	endothelial	0	0	65
C1QC	P5	P5_LN	LN	plasma_cell	0	0	35
C1QC	P5	P5_LN	LN	myeloid	1.42638771060911	0.5	4
C1QC	P5	P5_LN	LN	fibroblast_CAF	0	0	2
SPP1	P6	P6_LN	LN	B_cell			0
SPP1	P6	P6_LN	LN	plasma_cell			0
SPP1	P6	P6_LN	LN	endothelial			0
CD44	P6	P6_LN	LN	B_cell	0.865798455934751	0.56379821958457	1348
CD44	P6	P6_LN	LN	plasma_cell	0	0	2
CD44	P6	P6_LN	LN	endothelial	0	0	1
ITGB1	P6	P6_LN	LN	B_cell	0.402201875761401	0.280415430267062	1348
ITGB1	P6	P6_LN	LN	plasma_cell	0.784696105458145	0.5	2
ITGB1	P6	P6_LN	LN	endothelial	0	0	1
MMP14	P6	P6_LN	LN	B_cell	0	0	1348
MMP14	P6	P6_LN	LN	plasma_cell	0	0	2
MMP14	P6	P6_LN	LN	endothelial	0	0	1
CD209	P6	P6_LN	LN	B_cell			0
CD209	P6	P6_LN	LN	plasma_cell			0
CD209	P6	P6_LN	LN	endothelial			0
C1QA	P6	P6_LN	LN	B_cell	0	0	1348
C1QA	P6	P6_LN	LN	plasma_cell	0	0	2
C1QA	P6	P6_LN	LN	endothelial	0	0	1
C1QB	P6	P6_LN	LN	B_cell	0	0	1348
C1QB	P6	P6_LN	LN	plasma_cell	0	0	2
C1QB	P6	P6_LN	LN	endothelial	0	0	1
C1QC	P6	P6_LN	LN	B_cell	0	0	1348
C1QC	P6	P6_LN	LN	plasma_cell	0	0	2
C1QC	P6	P6_LN	LN	endothelial	0	0	1
